{
    "global_metrics": {
        "max_llr": 39.41006044771707,
        "system_entropy": 0.04323129589065842,
        "diaz_anonymity": 0.004491232447967457,
        "link_count": 790,
        "attacker_confidence": 39.41006044771707
    },
    "target_config": {
        "target": "c1",
        "mu": 0.5,
        "lambda_f": 13.9244229554074
    }
}