{
    "total_sent": 46350,
    "total_received": 14350,
    "loss_rate": 0.6903991370010787,
    "avg_latency": 2.575430931928681,
    "max_latency": 11.379583835601807,
    "min_latency": 0.3407609462738037,
    "retrans_count": 0,
    "redirect_count": 0
}