{
    "total_sent": 39768,
    "total_received": 5872,
    "loss_rate": 0.8523435928384631,
    "avg_latency": 2.5654316508802473,
    "max_latency": 8.722751379013062,
    "min_latency": 0.23328638076782227,
    "retrans_count": 0,
    "redirect_count": 0
}