{
    "attack_config": {
        "algorithm": "Danezis-Strict-Math",
        "target_src": "c1",
        "mu": 0.5,
        "k_hops": 3
    },
    "input_traffic_stats": {
        "total_packets": 5742,
        "duration": 604.0003051757812,
        "lambda_f": 9.506617713262438
    },
    "global_metrics": {
        "entropy_bits": 3.1872575370962725e-10,
        "max_entropy_bits": 1.584962500721156,
        "diaz_anonymity": 2.0109356124489218e-10,
        "danezis_metric_A": -3.945135338048351
    },
    "candidates": [
        {
            "receiver": "c3",
            "log_likelihood_ratio": -7.591711955712526,
            "lambda_X": 5.9437056061672155,
            "normalized_probability": 0.9999999999916671
        },
        {
            "receiver": "c4",
            "log_likelihood_ratio": -33.102463073249965,
            "lambda_X": 2.9834422012014823,
            "normalized_probability": 8.3333871850297e-12
        },
        {
            "receiver": "c1",
            "log_likelihood_ratio": -52.68253009042019,
            "lambda_X": 5.786420917424629,
            "normalized_probability": 2.6140055154488084e-20
        }
    ],
    "outcome": {
        "true_receiver": "c3",
        "detected_receiver": "c3",
        "detected_llr": -7.591711955712526,
        "success": false,
        "is_detection_valid": false
    },
    "success": false,
    "true_receiver": "c3",
    "detected_receiver": "c3",
    "likelihood_score": -7.591711955712526,
    "target_src": "c1"
}