{
    "attack_config": {
        "algorithm": "Danezis-Strict-Math",
        "target_src": "c5",
        "mu": 0.5,
        "k_hops": 3
    },
    "input_traffic_stats": {
        "total_packets": 5658,
        "duration": 604.0003051757812,
        "lambda_f": 9.36754493584794
    },
    "global_metrics": {
        "entropy_bits": 3.446480803404567e-30,
        "max_entropy_bits": 1.584962500721156,
        "diaz_anonymity": 2.1744872839808023e-30,
        "danezis_metric_A": -3.9303982292288544
    },
    "candidates": [
        {
            "receiver": "c4",
            "log_likelihood_ratio": 5.85714771234052,
            "lambda_X": 2.9834422012014823,
            "normalized_probability": 1.0
        },
        {
            "receiver": "c1",
            "log_likelihood_ratio": -66.6330153686722,
            "lambda_X": 5.786420917424629,
            "normalized_probability": 3.295506568880889e-32
        },
        {
            "receiver": "c3",
            "log_likelihood_ratio": -82.52376907690996,
            "lambda_X": 5.9437056061672155,
            "normalized_probability": 4.1367143501694975e-39
        }
    ],
    "outcome": {
        "true_receiver": "c4",
        "detected_receiver": "c4",
        "detected_llr": 5.85714771234052,
        "success": true,
        "is_detection_valid": true
    },
    "success": true,
    "true_receiver": "c4",
    "detected_receiver": "c4",
    "likelihood_score": 5.85714771234052,
    "target_src": "c5"
}