{
    "attack_config": {
        "algorithm": "Danezis-Strict-Math",
        "target_src": "c4",
        "mu": 0.5,
        "k_hops": 3
    },
    "input_traffic_stats": {
        "total_packets": 5804,
        "duration": 604.0003051757812,
        "lambda_f": 9.609266668020757
    },
    "global_metrics": {
        "entropy_bits": 0.008796850842267421,
        "max_entropy_bits": 1.584962500721156,
        "diaz_anonymity": 0.005550194934116652,
        "danezis_metric_A": -3.9558750913714205
    },
    "candidates": [
        {
            "receiver": "c4",
            "log_likelihood_ratio": -30.184322735502064,
            "lambda_X": 2.9834422012014823,
            "normalized_probability": 0.9992567763344763
        },
        {
            "receiver": "c1",
            "log_likelihood_ratio": -37.38809276374377,
            "lambda_X": 5.786420917424629,
            "normalized_probability": 0.0007432236655219542
        },
        {
            "receiver": "c3",
            "log_likelihood_ratio": -68.47103141028492,
            "lambda_X": 5.9437056061672155,
            "normalized_probability": 2.354890915757552e-17
        }
    ],
    "outcome": {
        "true_receiver": "c1",
        "detected_receiver": "c4",
        "detected_llr": -30.184322735502064,
        "success": false,
        "is_detection_valid": false
    },
    "success": false,
    "true_receiver": "c1",
    "detected_receiver": "c4",
    "likelihood_score": -30.184322735502064,
    "target_src": "c4"
}