{
    "global_metrics": {
        "max_llr": 18.90212255907389,
        "system_entropy": 0.05236743216746978,
        "diaz_anonymity": 0.005440371511465533,
        "link_count": 790,
        "attacker_confidence": 18.90212255907389
    },
    "target_config": {
        "target": "c1",
        "mu": 0.5,
        "lambda_f": 15.884228588165362
    }
}