{
    "total_sent": 48113,
    "total_received": 17968,
    "loss_rate": 0.6265458400016628,
    "avg_latency": 2.5584666792399524,
    "max_latency": 8.774010181427002,
    "min_latency": 0.29407405853271484,
    "retrans_count": 0,
    "redirect_count": 0
}