{
    "total_sent": 40358,
    "total_received": 15212,
    "loss_rate": 0.6230734922444126,
    "avg_latency": 2.5327342668239172,
    "max_latency": 9.882286071777344,
    "min_latency": 0.20944619178771973,
    "retrans_count": 0,
    "redirect_count": 0
}