{
    "attack_config": {
        "algorithm": "Danezis-Strict-Math",
        "target_src": "c4",
        "mu": 0.5,
        "k_hops": 3
    },
    "input_traffic_stats": {
        "total_packets": 5768,
        "duration": 605.4095938205719,
        "lambda_f": 9.527434085739793
    },
    "global_metrics": {
        "entropy_bits": 1.4870221873397919e-21,
        "max_entropy_bits": 1.584962500721156,
        "diaz_anonymity": 9.382065422135845e-22,
        "danezis_metric_A": -3.947322615985418
    },
    "candidates": [
        {
            "receiver": "c5",
            "log_likelihood_ratio": 3.0231463209711364,
            "lambda_X": 8.485164510826165,
            "normalized_probability": 1.0
        },
        {
            "receiver": "c3",
            "log_likelihood_ratio": -49.275854938056,
            "lambda_X": 4.218631528255796,
            "normalized_probability": 1.9356745682950093e-23
        },
        {
            "receiver": "c4",
            "log_likelihood_ratio": -53.359424625672546,
            "lambda_X": 8.328245953588771,
            "normalized_probability": 3.2610733126703896e-25
        }
    ],
    "outcome": {
        "true_receiver": "c5",
        "detected_receiver": "c5",
        "detected_llr": 3.0231463209711364,
        "success": true,
        "is_detection_valid": true
    },
    "success": true,
    "true_receiver": "c5",
    "detected_receiver": "c5",
    "likelihood_score": 3.0231463209711364,
    "target_src": "c4"
}