{
    "total_sent": 39916,
    "total_received": 7797,
    "loss_rate": 0.8046647960717507,
    "avg_latency": 2.5307381475401396,
    "max_latency": 8.21006989479065,
    "min_latency": 0.2919936180114746,
    "retrans_count": 0,
    "redirect_count": 0
}