{
    "total_sent": 8875,
    "total_received": 7426,
    "loss_rate": 0.16326760563380283,
    "avg_latency": 2.5174616407648176,
    "max_latency": 9.776291370391846,
    "min_latency": 0.21023964881896973,
    "retrans_count": 0,
    "redirect_count": 0
}