{
    "global_metrics": {
        "max_llr": 59.92429626369062,
        "system_entropy": 0.18889125676837398,
        "diaz_anonymity": 0.019623620436480818,
        "link_count": 790,
        "attacker_confidence": 59.92429626369062
    },
    "target_config": {
        "target": "c1",
        "mu": 0.5,
        "lambda_f": 21.721898331875018
    }
}