{
    "total_sent": 55359,
    "total_received": 28702,
    "loss_rate": 0.4815296519084521,
    "avg_latency": 2.5555143972430345,
    "max_latency": 12.378386497497559,
    "min_latency": 0.2640869617462158,
    "retrans_count": 0,
    "redirect_count": 0
}