{
    "global_metrics": {
        "max_llr": 8.025000433733386,
        "system_entropy": 5.511539343904332,
        "diaz_anonymity": 0.5725852956663567,
        "link_count": 790,
        "attacker_confidence": 8.025000433733386
    },
    "target_config": {
        "target": "c1",
        "mu": 0.5,
        "lambda_f": 13.14715531232455
    }
}