{
    "total_sent": 47991,
    "total_received": 17626,
    "loss_rate": 0.6327228021920777,
    "avg_latency": 2.5485625746003158,
    "max_latency": 10.420459508895874,
    "min_latency": 0.21529650688171387,
    "retrans_count": 0,
    "redirect_count": 0
}