{
    "total_sent": 8905,
    "total_received": 7576,
    "loss_rate": 0.14924199887703538,
    "avg_latency": 2.5546934099547336,
    "max_latency": 11.721467971801758,
    "min_latency": 0.31960225105285645,
    "retrans_count": 0,
    "redirect_count": 0
}