{
    "total_sent": 39529,
    "total_received": 7634,
    "loss_rate": 0.8068759644817729,
    "avg_latency": 2.5432357333985056,
    "max_latency": 10.024161338806152,
    "min_latency": 0.24625325202941895,
    "retrans_count": 0,
    "redirect_count": 0
}