{
    "total_sent": 8693,
    "total_received": 8505,
    "loss_rate": 0.021626596111814056,
    "avg_latency": 2.532184827194573,
    "max_latency": 8.60288953781128,
    "min_latency": 0.3334975242614746,
    "retrans_count": 0,
    "redirect_count": 0
}