{
    "attack_config": {
        "algorithm": "Danezis-Strict-Math",
        "target_src": "c2",
        "mu": 0.5,
        "k_hops": 3
    },
    "input_traffic_stats": {
        "total_packets": 5818,
        "duration": 604.3885295391083,
        "lambda_f": 9.626258136362486
    },
    "global_metrics": {
        "entropy_bits": 4.015721027374726e-79,
        "max_entropy_bits": 1.584962500721156,
        "diaz_anonymity": 2.533637878213256e-79,
        "danezis_metric_A": -3.957641767657503
    },
    "candidates": [
        {
            "receiver": "c3",
            "log_likelihood_ratio": 54.54153884094558,
            "lambda_X": 8.267860417222987,
            "normalized_probability": 1.0
        },
        {
            "receiver": "c2",
            "log_likelihood_ratio": -131.57678309972835,
            "lambda_X": 16.5324117048013,
            "normalized_probability": 1.478562884209378e-81
        },
        {
            "receiver": "c1",
            "log_likelihood_ratio": -136.0672109610823,
            "lambda_X": 16.40666477830361,
            "normalized_probability": 1.6583330589379908e-83
        }
    ],
    "outcome": {
        "true_receiver": "c3",
        "detected_receiver": "c3",
        "detected_llr": 54.54153884094558,
        "success": true,
        "is_detection_valid": true
    },
    "success": true,
    "true_receiver": "c3",
    "detected_receiver": "c3",
    "likelihood_score": 54.54153884094558,
    "target_src": "c2"
}