{
    "attack_config": {
        "algorithm": "Danezis-Strict-Math",
        "target_src": "c4",
        "mu": 0.5,
        "k_hops": 3
    },
    "input_traffic_stats": {
        "total_packets": 5814,
        "duration": 604.3885295391083,
        "lambda_f": 9.619639877073135
    },
    "global_metrics": {
        "entropy_bits": 9.871771057689435e-59,
        "max_entropy_bits": 1.584962500721156,
        "diaz_anonymity": 6.2283940807418415e-59,
        "danezis_metric_A": -3.9569540097211777
    },
    "candidates": [
        {
            "receiver": "c2",
            "log_likelihood_ratio": 17.81506887845171,
            "lambda_X": 16.5324117048013,
            "normalized_probability": 1.0
        },
        {
            "receiver": "c1",
            "log_likelihood_ratio": -121.04777194224152,
            "lambda_X": 16.40666477830361,
            "normalized_probability": 4.927589148637829e-61
        },
        {
            "receiver": "c3",
            "log_likelihood_ratio": -171.01182526528282,
            "lambda_X": 8.267860417222987,
            "normalized_probability": 9.85194181931353e-83
        }
    ],
    "outcome": {
        "true_receiver": "c2",
        "detected_receiver": "c2",
        "detected_llr": 17.81506887845171,
        "success": true,
        "is_detection_valid": true
    },
    "success": true,
    "true_receiver": "c2",
    "detected_receiver": "c2",
    "likelihood_score": 17.81506887845171,
    "target_src": "c4"
}