{
    "attack_config": {
        "algorithm": "Danezis-Strict-Math",
        "target_src": "c1",
        "mu": 0.5,
        "k_hops": 3
    },
    "input_traffic_stats": {
        "total_packets": 5868,
        "duration": 604.3885295391083,
        "lambda_f": 9.708986377479386
    },
    "global_metrics": {
        "entropy_bits": 2.013169735666554e-37,
        "max_entropy_bits": 1.584962500721156,
        "diaz_anonymity": 1.270168685221615e-37,
        "danezis_metric_A": -3.9661990678652286
    },
    "candidates": [
        {
            "receiver": "c2",
            "log_likelihood_ratio": 8.351836549496511,
            "lambda_X": 16.5324117048013,
            "normalized_probability": 1.0
        },
        {
            "receiver": "c1",
            "log_likelihood_ratio": -81.00323231949005,
            "lambda_X": 16.40666477830361,
            "normalized_probability": 1.5616606242135713e-39
        },
        {
            "receiver": "c3",
            "log_likelihood_ratio": -146.05788891303382,
            "lambda_X": 8.267860417222987,
            "normalized_probability": 8.723851804275041e-68
        }
    ],
    "outcome": {
        "true_receiver": "c2",
        "detected_receiver": "c2",
        "detected_llr": 8.351836549496511,
        "success": true,
        "is_detection_valid": true
    },
    "success": true,
    "true_receiver": "c2",
    "detected_receiver": "c2",
    "likelihood_score": 8.351836549496511,
    "target_src": "c1"
}