{
    "attack_config": {
        "algorithm": "Danezis-Strict-Math",
        "target_src": "c5",
        "mu": 0.5,
        "k_hops": 3
    },
    "input_traffic_stats": {
        "total_packets": 5882,
        "duration": 604.3885295391083,
        "lambda_f": 9.732150284992118
    },
    "global_metrics": {
        "entropy_bits": 6.0346841615992776e-58,
        "max_entropy_bits": 1.584962500721156,
        "diaz_anonymity": 3.80746179095941e-58,
        "danezis_metric_A": -3.9685820477162967
    },
    "candidates": [
        {
            "receiver": "c1",
            "log_likelihood_ratio": 50.80112786065001,
            "lambda_X": 16.40666477830361,
            "normalized_probability": 1.0
        },
        {
            "receiver": "c2",
            "log_likelihood_ratio": -86.23806389095262,
            "lambda_X": 16.5324117048013,
            "normalized_probability": 3.052356233802275e-60
        },
        {
            "receiver": "c3",
            "log_likelihood_ratio": -155.54109819944642,
            "lambda_X": 8.267860417222987,
            "normalized_probability": 2.4361826082348072e-90
        }
    ],
    "outcome": {
        "true_receiver": "c1",
        "detected_receiver": "c1",
        "detected_llr": 50.80112786065001,
        "success": true,
        "is_detection_valid": true
    },
    "success": true,
    "true_receiver": "c1",
    "detected_receiver": "c1",
    "likelihood_score": 50.80112786065001,
    "target_src": "c5"
}