{
    "total_sent": 40245,
    "total_received": 9110,
    "loss_rate": 0.7736364765809417,
    "avg_latency": 2.542549887158868,
    "max_latency": 11.559306144714355,
    "min_latency": 0.30888938903808594,
    "retrans_count": 0,
    "redirect_count": 0
}