{
    "total_sent": 39998,
    "total_received": 8897,
    "loss_rate": 0.7775638781939097,
    "avg_latency": 2.516565605671443,
    "max_latency": 8.423401355743408,
    "min_latency": 0.2124781608581543,
    "retrans_count": 0,
    "redirect_count": 0
}