{
    "global_metrics": {
        "max_llr": 13.450784741424144,
        "system_entropy": 0.8391861968193235,
        "diaz_anonymity": 0.08718175570248787,
        "link_count": 790,
        "attacker_confidence": 13.450784741424144
    },
    "target_config": {
        "target": "c1",
        "mu": 0.5,
        "lambda_f": 13.177487293766527
    }
}