{
    "total_sent": 47347,
    "total_received": 13967,
    "loss_rate": 0.7050077090417555,
    "avg_latency": 2.545319574328357,
    "max_latency": 10.733371019363403,
    "min_latency": 0.1925361156463623,
    "retrans_count": 0,
    "redirect_count": 0
}