{
    "total_sent": 8973,
    "total_received": 8799,
    "loss_rate": 0.019391507856904022,
    "avg_latency": 2.5483336328091792,
    "max_latency": 9.429781436920166,
    "min_latency": 0.23976349830627441,
    "retrans_count": 0,
    "redirect_count": 0
}