{
    "global_metrics": {
        "max_llr": 48.20097207202918,
        "system_entropy": 0.003183505629326958,
        "diaz_anonymity": 0.0003307294747046856,
        "link_count": 790,
        "attacker_confidence": 48.20097207202918
    },
    "target_config": {
        "target": "c1",
        "mu": 0.5,
        "lambda_f": 14.05974432307776
    }
}