{
    "total_sent": 46955,
    "total_received": 14321,
    "loss_rate": 0.695005856671281,
    "avg_latency": 2.5723258020924287,
    "max_latency": 10.343441247940063,
    "min_latency": 0.22106480598449707,
    "retrans_count": 0,
    "redirect_count": 0
}