{
    "total_sent": 9035,
    "total_received": 7475,
    "loss_rate": 0.17266187050359716,
    "avg_latency": 2.5365761882884046,
    "max_latency": 15.082247734069824,
    "min_latency": 0.2964658737182617,
    "retrans_count": 0,
    "redirect_count": 0
}