{
    "attack_config": {
        "algorithm": "Danezis-Strict-Math",
        "target_src": "c5",
        "mu": 0.5,
        "k_hops": 3
    },
    "input_traffic_stats": {
        "total_packets": 6158,
        "duration": 604.2063956260681,
        "lambda_f": 10.191881523563133
    },
    "global_metrics": {
        "entropy_bits": 1.0095244091290489e-53,
        "max_entropy_bits": 1.584962500721156,
        "diaz_anonymity": 6.36938986676162e-54,
        "danezis_metric_A": -4.0147386548680215
    },
    "candidates": [
        {
            "receiver": "c1",
            "log_likelihood_ratio": 60.699651392093074,
            "lambda_X": 7.936029864482823,
            "normalized_probability": 1.0
        },
        {
            "receiver": "c2",
            "log_likelihood_ratio": -66.54046812545857,
            "lambda_X": 24.8060929319851,
            "normalized_probability": 5.499436817156721e-56
        },
        {
            "receiver": "c4",
            "log_likelihood_ratio": -132.6523716419506,
            "lambda_X": 8.104846349608422,
            "normalized_probability": 1.067292190080449e-84
        }
    ],
    "outcome": {
        "true_receiver": "c1",
        "detected_receiver": "c1",
        "detected_llr": 60.699651392093074,
        "success": true,
        "is_detection_valid": true
    },
    "success": true,
    "true_receiver": "c1",
    "detected_receiver": "c1",
    "likelihood_score": 60.699651392093074,
    "target_src": "c5"
}