{
    "attack_config": {
        "algorithm": "Danezis-Strict-Math",
        "target_src": "c5",
        "mu": 0.5,
        "k_hops": 3
    },
    "input_traffic_stats": {
        "total_packets": 2870,
        "duration": 605.7077627182007,
        "lambda_f": 4.7382585739374745
    },
    "global_metrics": {
        "entropy_bits": 3.883259743641901e-29,
        "max_entropy_bits": 1.584962500721156,
        "diaz_anonymity": 2.4500641131099458e-29,
        "danezis_metric_A": -3.248816859298219
    },
    "candidates": [
        {
            "receiver": "c3",
            "log_likelihood_ratio": 37.39522803250293,
            "lambda_X": 4.051458724892879,
            "normalized_probability": 1.0
        },
        {
            "receiver": "c5",
            "log_likelihood_ratio": -32.638555389821704,
            "lambda_X": 12.357444399275957,
            "normalized_probability": 3.8433887349134665e-31
        },
        {
            "receiver": "c4",
            "log_likelihood_ratio": -71.60045019329482,
            "lambda_X": 4.138959667199042,
            "normalized_probability": 4.61082240933425e-48
        }
    ],
    "outcome": {
        "true_receiver": "c3",
        "detected_receiver": "c3",
        "detected_llr": 37.39522803250293,
        "success": true,
        "is_detection_valid": true
    },
    "success": true,
    "true_receiver": "c3",
    "detected_receiver": "c3",
    "likelihood_score": 37.39522803250293,
    "target_src": "c5"
}