{
    "total_sent": 8867,
    "total_received": 7336,
    "loss_rate": 0.17266268185406564,
    "avg_latency": 2.530381654380062,
    "max_latency": 10.497506856918335,
    "min_latency": 0.2971487045288086,
    "retrans_count": 0,
    "redirect_count": 0
}