{
    "attack_config": {
        "algorithm": "Danezis-Strict-Math",
        "target_src": "c2",
        "mu": 0.5,
        "k_hops": 3
    },
    "input_traffic_stats": {
        "total_packets": 2928,
        "duration": 605.9211769104004,
        "lambda_f": 4.832311712440731
    },
    "global_metrics": {
        "entropy_bits": 2.035496237830168e-15,
        "max_entropy_bits": 1.584962500721156,
        "diaz_anonymity": 1.2842551397298169e-15,
        "danezis_metric_A": -3.2684721491367625
    },
    "candidates": [
        {
            "receiver": "c3",
            "log_likelihood_ratio": 20.400419525241887,
            "lambda_X": 9.766946965240521,
            "normalized_probability": 1.0
        },
        {
            "receiver": "c5",
            "log_likelihood_ratio": -17.427168836831697,
            "lambda_X": 9.733939371576309,
            "normalized_probability": 3.729813449347306e-17
        },
        {
            "receiver": "c2",
            "log_likelihood_ratio": -72.08038278502136,
            "lambda_X": 4.814157535925414,
            "normalized_probability": 6.856427287442062e-41
        }
    ],
    "outcome": {
        "true_receiver": "c3",
        "detected_receiver": "c3",
        "detected_llr": 20.400419525241887,
        "success": true,
        "is_detection_valid": true
    },
    "success": true,
    "true_receiver": "c3",
    "detected_receiver": "c3",
    "likelihood_score": 20.400419525241887,
    "target_src": "c2"
}