{
    "attack_config": {
        "algorithm": "Danezis-Strict-Math",
        "target_src": "c3",
        "mu": 0.5,
        "k_hops": 3
    },
    "input_traffic_stats": {
        "total_packets": 8385,
        "duration": 606.1311240196228,
        "lambda_f": 13.833640391857761
    },
    "global_metrics": {
        "entropy_bits": 2.8642780735294495e-30,
        "max_entropy_bits": 1.584962500721156,
        "diaz_anonymity": 1.8071582590920646e-30,
        "danezis_metric_A": -4.320250515883904
    },
    "candidates": [
        {
            "receiver": "c4",
            "log_likelihood_ratio": 39.285012230488064,
            "lambda_X": 16.003137960765688,
            "normalized_probability": 1.0
        },
        {
            "receiver": "c1",
            "log_likelihood_ratio": -33.39277291177859,
            "lambda_X": 16.16811876448492,
            "normalized_probability": 2.731737445108238e-32
        },
        {
            "receiver": "c5",
            "log_likelihood_ratio": -98.2323124734794,
            "lambda_X": 7.975172051787766,
            "normalized_probability": 1.892277018624231e-60
        }
    ],
    "outcome": {
        "true_receiver": "c4",
        "detected_receiver": "c4",
        "detected_llr": 39.285012230488064,
        "success": true,
        "is_detection_valid": true
    },
    "success": true,
    "true_receiver": "c4",
    "detected_receiver": "c4",
    "likelihood_score": 39.285012230488064,
    "target_src": "c3"
}