{
    "attack_config": {
        "algorithm": "Danezis-Strict-Math",
        "target_src": "c5",
        "mu": 0.5,
        "k_hops": 3
    },
    "input_traffic_stats": {
        "total_packets": 5647,
        "duration": 603.8947808742523,
        "lambda_f": 9.350966722754078
    },
    "global_metrics": {
        "entropy_bits": 1.536744158513206e-17,
        "max_entropy_bits": 1.584962500721156,
        "diaz_anonymity": 9.69577613233114e-18,
        "danezis_metric_A": -3.9286269113237955
    },
    "candidates": [
        {
            "receiver": "c4",
            "log_likelihood_ratio": -23.809091501498187,
            "lambda_X": 9.692085749651076,
            "normalized_probability": 1.0
        },
        {
            "receiver": "c1",
            "log_likelihood_ratio": -66.64731581373053,
            "lambda_X": 4.999215253407927,
            "normalized_probability": 2.4865406682382434e-19
        },
        {
            "receiver": "c3",
            "log_likelihood_ratio": -85.34136548614333,
            "lambda_X": 9.94544114341438,
            "normalized_probability": 1.8917901047714194e-27
        }
    ],
    "outcome": {
        "true_receiver": "c4",
        "detected_receiver": "c4",
        "detected_llr": -23.809091501498187,
        "success": false,
        "is_detection_valid": false
    },
    "success": false,
    "true_receiver": "c4",
    "detected_receiver": "c4",
    "likelihood_score": -23.809091501498187,
    "target_src": "c5"
}