{
    "attack_config": {
        "algorithm": "Danezis-Strict-Math",
        "target_src": "c1",
        "mu": 0.5,
        "k_hops": 3
    },
    "input_traffic_stats": {
        "total_packets": 5719,
        "duration": 603.8947808742523,
        "lambda_f": 9.470192790407399
    },
    "global_metrics": {
        "entropy_bits": 1.7194383900317342e-11,
        "max_entropy_bits": 1.584962500721156,
        "diaz_anonymity": 1.0848448397040257e-11,
        "danezis_metric_A": -3.9412964455662753
    },
    "candidates": [
        {
            "receiver": "c3",
            "log_likelihood_ratio": -28.439416666544275,
            "lambda_X": 9.94544114341438,
            "normalized_probability": 0.999999999999595
        },
        {
            "receiver": "c1",
            "log_likelihood_ratio": -56.97820519184461,
            "lambda_X": 4.999215253407927,
            "normalized_probability": 4.0342389977379285e-13
        },
        {
            "receiver": "c4",
            "log_likelihood_ratio": -80.86881319004897,
            "lambda_X": 9.692085749651076,
            "normalized_probability": 1.6990352931297658e-23
        }
    ],
    "outcome": {
        "true_receiver": "c3",
        "detected_receiver": "c3",
        "detected_llr": -28.439416666544275,
        "success": false,
        "is_detection_valid": false
    },
    "success": false,
    "true_receiver": "c3",
    "detected_receiver": "c3",
    "likelihood_score": -28.439416666544275,
    "target_src": "c1"
}