{
    "attack_config": {
        "algorithm": "Danezis-Strict-Math",
        "target_src": "c4",
        "mu": 0.5,
        "k_hops": 3
    },
    "input_traffic_stats": {
        "total_packets": 5717,
        "duration": 603.8947808742523,
        "lambda_f": 9.466880955194807
    },
    "global_metrics": {
        "entropy_bits": 2.5470412098518666e-50,
        "max_entropy_bits": 1.584962500721156,
        "diaz_anonymity": 1.607004082868185e-50,
        "danezis_metric_A": -3.9409466729149303
    },
    "candidates": [
        {
            "receiver": "c1",
            "log_likelihood_ratio": 31.548868173635128,
            "lambda_X": 4.999215253407927,
            "normalized_probability": 1.0
        },
        {
            "receiver": "c3",
            "log_likelihood_ratio": -87.80705899457826,
            "lambda_X": 9.94544114341438,
            "normalized_probability": 1.4600894011019153e-52
        },
        {
            "receiver": "c4",
            "log_likelihood_ratio": -92.18074420089397,
            "lambda_X": 9.692085749651076,
            "normalized_probability": 1.8403994623275746e-54
        }
    ],
    "outcome": {
        "true_receiver": "c1",
        "detected_receiver": "c1",
        "detected_llr": 31.548868173635128,
        "success": true,
        "is_detection_valid": true
    },
    "success": true,
    "true_receiver": "c1",
    "detected_receiver": "c1",
    "likelihood_score": 31.548868173635128,
    "target_src": "c4"
}