{
    "attack_config": {
        "algorithm": "Danezis-Strict-Math",
        "target_src": "c3",
        "mu": 0.5,
        "k_hops": 3
    },
    "input_traffic_stats": {
        "total_packets": 2867,
        "duration": 603.3002049922943,
        "lambda_f": 4.752194639212196
    },
    "global_metrics": {
        "entropy_bits": 5.091469796106188e-37,
        "max_entropy_bits": 1.584962500721156,
        "diaz_anonymity": 3.2123597837737957e-37,
        "danezis_metric_A": -3.2517537212116503
    },
    "candidates": [
        {
            "receiver": "c5",
            "log_likelihood_ratio": 26.25420636943454,
            "lambda_X": 9.651911190838025,
            "normalized_probability": 1.0
        },
        {
            "receiver": "c1",
            "log_likelihood_ratio": -62.162448800329,
            "lambda_X": 9.796118004096295,
            "normalized_probability": 3.991485458594918e-39
        },
        {
            "receiver": "c4",
            "log_likelihood_ratio": -110.48494715160996,
            "lambda_X": 4.95275813811163,
            "normalized_probability": 4.120407468523657e-60
        }
    ],
    "outcome": {
        "true_receiver": "c5",
        "detected_receiver": "c5",
        "detected_llr": 26.25420636943454,
        "success": true,
        "is_detection_valid": true
    },
    "success": true,
    "true_receiver": "c5",
    "detected_receiver": "c5",
    "likelihood_score": 26.25420636943454,
    "target_src": "c3"
}